{"niners": {"19.5": [0.8823529411764706, 0.16], "20.5": [0.8333333333333334, 0.20833333333333334], "21.5": [0.803921568627451, 0.23809523809523808], "22.5": [0.7894736842105263, 0.25316455696202533], "23.5": [0.7487437185929648, 0.29411764705882354], "24.5": [0.6855345911949685, 0.35714285714285715], "25.5": [0.6721311475409836, 0.37037037037037035], "26.5": [0.6428571428571429, 0.4], "27.5": [0.574468085106383, 0.4672897196261682], "28.5": [0.5348837209302325, 0.5121951219512195], "29.5": [0.5121951219512195, 0.5348837209302325], "30.5": [0.4672897196261682, 0.574468085106383], "31.5": [0.4, 0.6428571428571429], "32.5": [0.38461538461538464, 0.6575342465753424], "33.5": [0.3508771929824561, 0.6923076923076923], "34.5": [0.29850746268656714, 0.7435897435897436], "35.5": [0.2702702702702703, 0.7727272727272727], "36.5": [0.25, 0.7916666666666666], "37.5": [0.21739130434782608, 0.8245614035087719], "38.5": [0.17543859649122806, 0.8666666666666667], "39.5": [0.16666666666666666, 0.875]}, "lions": {"11.5": [0.8947368421052632, 0.14814814814814814], "12.5": [0.8823529411764706, 0.16], "13.5": [0.8290598290598291, 0.2127659574468085], "14.5": [0.7916666666666666, 0.25], "15.5": [0.7802197802197802, 0.2631578947368421], "16.5": [0.7402597402597403, 0.30303030303030304], "17.5": [0.6721311475409836, 0.37037037037037035], "18.5": [0.6575342465753424, 0.38461538461538464], "19.5": [0.6296296296296297, 0.4132231404958678], "20.5": [0.5652173913043478, 0.47619047619047616], "21.5": [0.5192307692307693, 0.5283018867924528], "22.5": [0.49504950495049505, 0.5495495495495496], "23.5": [0.44642857142857145, 0.5967741935483871], "24.5": [0.38461538461538464, 0.6575342465753424], "25.5": [0.35714285714285715, 0.6855345911949685], "26.5": [0.3333333333333333, 0.7101449275362319], "27.5": [0.2777777777777778, 0.7647058823529411], "28.5": [0.25316455696202533, 0.7894736842105263], "29.5": [0.23255813953488372, 0.8095238095238095], "30.5": [0.2, 0.84251968503937], "31.5": [0.16, 0.8823529411764706]}, "chiefs": {"10.5": [0.875, 0.16666666666666666], "11.5": [0.8709677419354839, 0.1694915254237288], "12.5": [0.8518518518518519, 0.19047619047619047], "13.5": [0.797979797979798, 0.24390243902439024], "14.5": [0.7647058823529411, 0.2777777777777778], "15.5": [0.7435897435897436, 0.29850746268656714], "16.5": [0.696969696969697, 0.3448275862068966], "17.5": [0.6296296296296297, 0.4132231404958678], "18.5": [0.6183206106870229, 0.423728813559322], "19.5": [0.5867768595041323, 0.45454545454545453], "20.5": [0.5121951219512195, 0.5348837209302325], "21.5": [0.4672897196261682, 0.574468085106383], "22.5": [0.44642857142857145, 0.5967741935483871], "23.5": [0.3937007874015748, 0.6491228070175439], "24.5": [0.3389830508474576, 0.7041420118343196], "25.5": [0.3225806451612903, 0.7206703910614525], "26.5": [0.29411764705882354, 0.7487437185929648], "27.5": [0.23809523809523808, 0.803921568627451], "28.5": [0.21739130434782608, 0.8245614035087719], "29.5": [0.19607843137254902, 0.8461538461538461], "30.5": [0.16666666666666666, 0.875]}, "ravens": {"13.5": [0.9, 0.14285714285714285], "14.5": [0.875, 0.16666666666666666], "15.5": [0.8620689655172413, 0.18018018018018017], "16.5": [0.8198198198198198, 0.2222222222222222], "17.5": [0.7647058823529411, 0.2777777777777778], "18.5": [0.7560975609756098, 0.2857142857142857], "19.5": [0.726027397260274, 0.31746031746031744], "20.5": [0.6575342465753424, 0.38461538461538464], "21.5": [0.6183206106870229, 0.423728813559322], "22.5": [0.5967741935483871, 0.44642857142857145], "23.5": [0.5454545454545454, 0.5], "24.5": [0.47619047619047616, 0.5652173913043478], "25.5": [0.45454545454545453, 0.5867768595041323], "26.5": [0.4166666666666667, 0.6240601503759399], "27.5": [0.3508771929824561, 0.6923076923076923], "28.5": [0.3225806451612903, 0.7206703910614525], "29.5": [0.30303030303030304, 0.7402597402597403], "30.5": [0.2597402597402597, 0.782608695652174], "31.5": [0.2127659574468085, 0.8290598290598291], "32.5": [0.20408163265306123, 0.8387096774193549], "33.5": [0.18018018018018017, 0.8620689655172413]}}