{
    "chiefs": {
        "13.5": [
            0.8785714285714286,
            0.12142857142857139
        ],
        "14.5": [
            0.8456140350877193,
            0.15438596491228063
        ],
        "15.5": [
            0.8306878306878307,
            0.1693121693121693
        ],
        "16.5": [
            0.7937710437710438,
            0.2062289562289563
        ],
        "17.5": [
            0.7273130357670706,
            0.2726869642329293
        ],
        "18.5": [
            0.7138787138787138,
            0.28612128612128607
        ],
        "19.5": [
            0.6884057971014493,
            0.3115942028985507
        ],
        "20.5": [
            0.614100185528757,
            0.3858998144712431
        ],
        "21.5": [
            0.5751728110599078,
            0.42482718894009214
        ],
        "22.5": [
            0.5535891827401074,
            0.44641081725989257
        ],
        "23.5": [
            0.5,
            0.5
        ],
        "24.5": [
            0.42482718894009214,
            0.5751728110599078
        ],
        "25.5": [
            0.4134697357203751,
            0.5865302642796248
        ],
        "26.5": [
            0.3722889901920155,
            0.6277110098079846
        ],
        "27.5": [
            0.306791569086651,
            0.6932084309133489
        ],
        "28.5": [
            0.2726869642329293,
            0.7273130357670706
        ],
        "29.5": [
            0.2565359477124184,
            0.7434640522875817
        ],
        "30.5": [
            0.22916666666666674,
            0.7708333333333334
        ],
        "31.5": [
            0.1693121693121693,
            0.8306878306878307
        ],
        "32.5": [
            0.15438596491228063,
            0.8456140350877193
        ],
        "33.5": [
            0.13882352941176476,
            0.8611764705882353
        ]
    },
    "niners": {
        "13.5": [
            0.8675213675213675,
            0.13247863247863256
        ],
        "14.5": [
            0.8409443926685306,
            0.15905560733146945
        ],
        "15.5": [
            0.8306878306878307,
            0.1693121693121693
        ],
        "16.5": [
            0.7987987987987988,
            0.20120120120120122
        ],
        "17.5": [
            0.7434640522875817,
            0.2565359477124184
        ],
        "18.5": [
            0.7316156736446592,
            0.2683843263553409
        ],
        "19.5": [
            0.7042835398999783,
            0.2957164601000217
        ],
        "20.5": [
            0.6428208257067318,
            0.3571791742932683
        ],
        "21.5": [
            0.5972958985638505,
            0.40270410143614954
        ],
        "22.5": [
            0.5751728110599078,
            0.42482718894009214
        ],
        "23.5": [
            0.5227272727272727,
            0.4772727272727273
        ],
        "24.5": [
            0.46612466124661245,
            0.5338753387533876
        ],
        "25.5": [
            0.44641081725989257,
            0.5535891827401074
        ],
        "26.5": [
            0.4134697357203751,
            0.5865302642796248
        ],
        "27.5": [
            0.3491196114146934,
            0.6508803885853066
        ],
        "28.5": [
            0.317420519506569,
            0.682579480493431
        ],
        "29.5": [
            0.2957164601000217,
            0.7042835398999783
        ],
        "30.5": [
            0.2565359477124184,
            0.7434640522875817
        ],
        "31.5": [
            0.2115171650055371,
            0.7884828349944629
        ],
        "32.5": [
            0.19641495041952708,
            0.8035850495804729
        ],
        "33.5": [
            0.1749622926093514,
            0.8250377073906485
        ]
    }
}